file_path,label,set
data/raw_data/train/1m/ordinario/ordinario-007_1.wav,ordinario,train
data/raw_data/train/1m/ordinario/ordinario-013_1.wav,ordinario,train
data/raw_data/train/1m/ordinario/ordinario-012_1.wav,ordinario,train
data/raw_data/train/1m/ordinario/ordinario-030_1.wav,ordinario,train
data/raw_data/train/1m/ordinario/ordinario-049_1.wav,ordinario,train
data/raw_data/train/1m/ordinario/ordinario-021_1.wav,ordinario,train
data/raw_data/train/1m/ordinario/ordinario-019_1.wav,ordinario,train
data/raw_data/train/1m/ordinario/ordinario-039_1.wav,ordinario,train
data/raw_data/train/1m/ordinario/ordinario-050_1.wav,ordinario,train
data/raw_data/train/1m/ordinario/ordinario-011_1.wav,ordinario,train
data/raw_data/train/1m/ordinario/ordinario-042_1.wav,ordinario,train
data/raw_data/train/1m/ordinario/ordinario-038_1.wav,ordinario,train
data/raw_data/train/1m/ordinario/ordinario-014_1.wav,ordinario,train
data/raw_data/train/1m/ordinario/ordinario-033_1.wav,ordinario,train
data/raw_data/train/1m/ordinario/ordinario-048_1.wav,ordinario,train
data/raw_data/train/1m/ordinario/ordinario-032_1.wav,ordinario,train
data/raw_data/train/1m/ordinario/ordinario-047_1.wav,ordinario,train
data/raw_data/train/1m/ordinario/ordinario-004_1.wav,ordinario,train
data/raw_data/train/1m/ordinario/ordinario-020_1.wav,ordinario,train
data/raw_data/train/1m/ordinario/ordinario-003_1.wav,ordinario,train
data/raw_data/train/1m/ordinario/ordinario-031_1.wav,ordinario,train
data/raw_data/train/1m/ordinario/ordinario-025_1.wav,ordinario,train
data/raw_data/train/1m/ordinario/ordinario-034_1.wav,ordinario,train
data/raw_data/train/1m/ordinario/ordinario-041_1.wav,ordinario,train
data/raw_data/train/1m/ordinario/ordinario-027_1.wav,ordinario,train
data/raw_data/train/1m/ordinario/ordinario-045_1.wav,ordinario,train
data/raw_data/train/1m/ordinario/ordinario-037_1.wav,ordinario,train
data/raw_data/train/1m/ordinario/ordinario-046_1.wav,ordinario,train
data/raw_data/train/1m/ordinario/ordinario-016_1.wav,ordinario,val
data/raw_data/train/1m/ordinario/ordinario-036_1.wav,ordinario,val
data/raw_data/train/1m/ordinario/ordinario-028_1.wav,ordinario,val
data/raw_data/train/1m/ordinario/ordinario-043_1.wav,ordinario,val
data/raw_data/train/1m/ordinario/ordinario-029_1.wav,ordinario,val
data/raw_data/train/1m/ordinario/ordinario-005_1.wav,ordinario,val
data/raw_data/train/1m/ordinario/ordinario-040_1.wav,ordinario,val
data/raw_data/train/1m/whistle-tone/whistle-tone-balayage-007_1.wav,whistle-tone,train
data/raw_data/train/1m/whistle-tone/whistle-tone-sweep-003_1.wav,whistle-tone,train
data/raw_data/train/1m/whistle-tone/whistle-tone-sweep-005_1.wav,whistle-tone,train
data/raw_data/train/1m/whistle-tone/whistle-tone-sweep-014_1.wav,whistle-tone,train
data/raw_data/train/1m/whistle-tone/whistle-tone-sweep-012_1.wav,whistle-tone,train
data/raw_data/train/1m/whistle-tone/whistle-tone-sweep-004_1.wav,whistle-tone,train
data/raw_data/train/1m/whistle-tone/whistle-tone-sweep-013_1.wav,whistle-tone,train
data/raw_data/train/1m/whistle-tone/whistle-tone-007_1.wav,whistle-tone,train
data/raw_data/train/1m/whistle-tone/whistle-tone-sweep-007_1.wav,whistle-tone,train
data/raw_data/train/1m/whistle-tone/whistle-tone-sweep-006_1.wav,whistle-tone,train
data/raw_data/train/1m/whistle-tone/whistle-tone-sweep-008_1.wav,whistle-tone,train
data/raw_data/train/1m/whistle-tone/whistle-tone-balayage-006_1.wav,whistle-tone,train
data/raw_data/train/1m/whistle-tone/whistle-tone-005_1.wav,whistle-tone,train
data/raw_data/train/1m/whistle-tone/whistle-tone-balayage-005_1.wav,whistle-tone,train
data/raw_data/train/1m/whistle-tone/whistle-tone-sweep-015_1.wav,whistle-tone,train
data/raw_data/train/1m/whistle-tone/whistle-tone-sweep-011_1.wav,whistle-tone,train
data/raw_data/train/1m/whistle-tone/whistle-tone-001_1.wav,whistle-tone,train
data/raw_data/train/1m/whistle-tone/whistle-tone-006_1.wav,whistle-tone,train
data/raw_data/train/1m/whistle-tone/whistle-tone-sweep-009_1.wav,whistle-tone,train
data/raw_data/train/1m/whistle-tone/whistle-tone-009_1.wav,whistle-tone,train
data/raw_data/train/1m/whistle-tone/whistle-tone-balayage-009_1.wav,whistle-tone,val
data/raw_data/train/1m/whistle-tone/whistle-tone-sweep-016_1.wav,whistle-tone,val
data/raw_data/train/1m/whistle-tone/whistle-tone-003_1.wav,whistle-tone,val
data/raw_data/train/1m/whistle-tone/whistle-tone-011_1.wav,whistle-tone,val
data/raw_data/train/1m/play-and-sing/play-and-sing-unison-003_1.wav,play-and-sing,train
data/raw_data/train/1m/play-and-sing/play-and-sing-unison-008_1.wav,play-and-sing,train
data/raw_data/train/1m/play-and-sing/play-and-sing-unison-020_1.wav,play-and-sing,train
data/raw_data/train/1m/play-and-sing/play-and-sing-009_1.wav,play-and-sing,train
data/raw_data/train/1m/play-and-sing/play-and-sing-unison-022_1.wav,play-and-sing,train
data/raw_data/train/1m/play-and-sing/play-and-sing-unison-004_1.wav,play-and-sing,train
data/raw_data/train/1m/play-and-sing/play-and-sing-007_1.wav,play-and-sing,train
data/raw_data/train/1m/play-and-sing/play-and-sing-unison-007_1.wav,play-and-sing,train
data/raw_data/train/1m/play-and-sing/play-and-sing-unison-019_1.wav,play-and-sing,train
data/raw_data/train/1m/play-and-sing/play-and-sing-unison-018_1.wav,play-and-sing,train
data/raw_data/train/1m/play-and-sing/play-and-sing-unison-009_1.wav,play-and-sing,train
data/raw_data/train/1m/play-and-sing/play-and-sing-unison-010_1.wav,play-and-sing,train
data/raw_data/train/1m/play-and-sing/play-and-sing-001_1.wav,play-and-sing,train
data/raw_data/train/1m/play-and-sing/play-and-sing-004_1.wav,play-and-sing,train
data/raw_data/train/1m/play-and-sing/play-and-sing-unison-014_1.wav,play-and-sing,train
data/raw_data/train/1m/play-and-sing/play-and-sing-unison-013_1.wav,play-and-sing,train
data/raw_data/train/1m/play-and-sing/play-and-sing-unison-005_1.wav,play-and-sing,train
data/raw_data/train/1m/play-and-sing/play-and-sing-006_1.wav,play-and-sing,train
data/raw_data/train/1m/play-and-sing/play-and-sing-unison-012_1.wav,play-and-sing,train
data/raw_data/train/1m/play-and-sing/play-and-sing-unison-006_1.wav,play-and-sing,val
data/raw_data/train/1m/play-and-sing/play-and-sing-011_1.wav,play-and-sing,val
data/raw_data/train/1m/play-and-sing/play-and-sing-unison-001_1.wav,play-and-sing,val
data/raw_data/train/1m/play-and-sing/play-and-sing-unison-002_1.wav,play-and-sing,val
data/raw_data/train/1m/trill/trill-major-second-up-035_1.wav,trill,train
data/raw_data/train/1m/trill/trill-minor-second-up-069_1.wav,trill,train
data/raw_data/train/1m/trill/trill-major-second-up-024_1.wav,trill,train
data/raw_data/train/1m/trill/trill-major-second-up-004_1.wav,trill,train
data/raw_data/train/1m/trill/trill-minor-second-up-056_1.wav,trill,train
data/raw_data/train/1m/trill/trill-minor-second-up-008_1.wav,trill,train
data/raw_data/train/1m/trill/trill-major-second-up-022_1.wav,trill,train
data/raw_data/train/1m/trill/trill-minor-second-up-002_1.wav,trill,train
data/raw_data/train/1m/trill/trill-minor-second-up-041_1.wav,trill,train
data/raw_data/train/1m/trill/trill-minor-second-up-038_1.wav,trill,train
data/raw_data/train/1m/trill/trill-minor-second-up-046_1.wav,trill,train
data/raw_data/train/1m/trill/trill-minor-second-up-066_1.wav,trill,train
data/raw_data/train/1m/trill/trill-minor-second-up-026_1.wav,trill,train
data/raw_data/train/1m/trill/trill-major-second-up-019_1.wav,trill,train
data/raw_data/train/1m/trill/trill-minor-second-up-005_1.wav,trill,train
data/raw_data/train/1m/trill/trill-minor-second-up-036_1.wav,trill,train
data/raw_data/train/1m/trill/trill-minor-second-up-035_1.wav,trill,train
data/raw_data/train/1m/trill/trill-minor-second-up-007_1.wav,trill,train
data/raw_data/train/1m/trill/trill-minor-second-up-003_1.wav,trill,train
data/raw_data/train/1m/trill/trill-minor-second-up-004_1.wav,trill,train
data/raw_data/train/1m/trill/trill-minor-second-up-059_1.wav,trill,train
data/raw_data/train/1m/trill/trill-minor-second-up-019_1.wav,trill,train
data/raw_data/train/1m/trill/trill-major-second-up-006_1.wav,trill,train
data/raw_data/train/1m/trill/trill-minor-second-up-017_1.wav,trill,train
data/raw_data/train/1m/trill/trill-minor-second-up-032_1.wav,trill,train
data/raw_data/train/1m/trill/trill-major-second-up-036_1.wav,trill,train
data/raw_data/train/1m/trill/trill-minor-second-up-029_1.wav,trill,train
data/raw_data/train/1m/trill/trill-minor-second-up-061_1.wav,trill,train
data/raw_data/train/1m/trill/trill-major-second-up-003_1.wav,trill,train
data/raw_data/train/1m/trill/trill-minor-second-up-020_1.wav,trill,train
data/raw_data/train/1m/trill/trill-major-second-up-002_1.wav,trill,train
data/raw_data/train/1m/trill/trill-minor-second-up-040_1.wav,trill,train
data/raw_data/train/1m/trill/trill-major-second-up-016_1.wav,trill,train
data/raw_data/train/1m/trill/trill-minor-second-up-063_1.wav,trill,train
data/raw_data/train/1m/trill/trill-minor-second-up-048_1.wav,trill,train
data/raw_data/train/1m/trill/trill-minor-second-up-045_1.wav,trill,train
data/raw_data/train/1m/trill/trill-minor-second-up-068_1.wav,trill,train
data/raw_data/train/1m/trill/trill-major-second-up-029_1.wav,trill,train
data/raw_data/train/1m/trill/trill-major-second-up-011_1.wav,trill,train
data/raw_data/train/1m/trill/trill-major-second-up-007_1.wav,trill,train
data/raw_data/train/1m/trill/trill-minor-second-up-033_1.wav,trill,train
data/raw_data/train/1m/trill/trill-minor-second-up-054_1.wav,trill,train
data/raw_data/train/1m/trill/trill-minor-second-up-009_1.wav,trill,train
data/raw_data/train/1m/trill/trill-minor-second-up-012_1.wav,trill,train
data/raw_data/train/1m/trill/trill-minor-second-up-037_1.wav,trill,train
data/raw_data/train/1m/trill/trill-minor-second-up-039_1.wav,trill,train
data/raw_data/train/1m/trill/trill-major-second-up-009_1.wav,trill,train
data/raw_data/train/1m/trill/trill-minor-second-up-015_1.wav,trill,train
data/raw_data/train/1m/trill/trill-minor-second-up-043_1.wav,trill,train
data/raw_data/train/1m/trill/trill-major-second-up-001_1.wav,trill,train
data/raw_data/train/1m/trill/trill-minor-second-up-006_1.wav,trill,train
data/raw_data/train/1m/trill/trill-minor-second-up-050_1.wav,trill,train
data/raw_data/train/1m/trill/trill-major-second-up-005_1.wav,trill,train
data/raw_data/train/1m/trill/trill-major-second-up-031_1.wav,trill,train
data/raw_data/train/1m/trill/trill-major-second-up-013_1.wav,trill,val
data/raw_data/train/1m/trill/trill-major-second-up-030_1.wav,trill,val
data/raw_data/train/1m/trill/trill-major-second-up-012_1.wav,trill,val
data/raw_data/train/1m/trill/trill-minor-second-up-023_1.wav,trill,val
data/raw_data/train/1m/trill/trill-minor-second-up-010_1.wav,trill,val
data/raw_data/train/1m/trill/trill-minor-second-up-014_1.wav,trill,val
data/raw_data/train/1m/trill/trill-minor-second-up-034_1.wav,trill,val
data/raw_data/train/1m/trill/trill-minor-second-up-064_1.wav,trill,val
data/raw_data/train/1m/trill/trill-minor-second-up-030_1.wav,trill,val
data/raw_data/train/1m/trill/trill-major-second-up-034_1.wav,trill,val
data/raw_data/train/1m/trill/trill-major-second-up-027_1.wav,trill,val
data/raw_data/train/1m/trill/trill-minor-second-up-067_1.wav,trill,val
data/raw_data/train/1m/trill/trill-minor-second-up-011_1.wav,trill,val
data/raw_data/train/1m/aeolian/aeolian-001_1.wav,aeolian,train
data/raw_data/train/1m/aeolian/aeolian-004_1.wav,aeolian,train
data/raw_data/train/1m/aeolian/aeolian-007_1.wav,aeolian,train
data/raw_data/train/1m/aeolian/aeolian-002_1.wav,aeolian,train
data/raw_data/train/1m/aeolian/aeolian-005_1.wav,aeolian,train
data/raw_data/train/1m/aeolian/aeolian-009_1.wav,aeolian,train
data/raw_data/train/1m/aeolian/aeolian-010_1.wav,aeolian,val
data/raw_data/train/1m/multiphonics/multiphonics-018_1.wav,multiphonics,train
data/raw_data/train/1m/multiphonics/multiphonics-011_1.wav,multiphonics,train
data/raw_data/train/1m/multiphonics/multiphonics-004_1.wav,multiphonics,train
data/raw_data/train/1m/multiphonics/multiphonics-007_1.wav,multiphonics,train
data/raw_data/train/1m/multiphonics/multiphonics-019_1.wav,multiphonics,train
data/raw_data/train/1m/multiphonics/multiphonics-014_1.wav,multiphonics,train
data/raw_data/train/1m/multiphonics/multiphonics-006_1.wav,multiphonics,train
data/raw_data/train/1m/multiphonics/multiphonics-016_1.wav,multiphonics,train
data/raw_data/train/1m/multiphonics/multiphonics-015_1.wav,multiphonics,train
data/raw_data/train/1m/multiphonics/multiphonics-021_1.wav,multiphonics,train
data/raw_data/train/1m/multiphonics/multiphonics-001_1.wav,multiphonics,train
data/raw_data/train/1m/multiphonics/multiphonics-020_1.wav,multiphonics,train
data/raw_data/train/1m/multiphonics/multiphonics-008_1.wav,multiphonics,train
data/raw_data/train/1m/multiphonics/multiphonics-028_1.wav,multiphonics,train
data/raw_data/train/1m/multiphonics/multiphonics-031_1.wav,multiphonics,train
data/raw_data/train/1m/multiphonics/multiphonics-023_1.wav,multiphonics,train
data/raw_data/train/1m/multiphonics/multiphonics-002_1.wav,multiphonics,train
data/raw_data/train/1m/multiphonics/multiphonics-029_1.wav,multiphonics,train
data/raw_data/train/1m/multiphonics/multiphonics-012_1.wav,multiphonics,train
data/raw_data/train/1m/multiphonics/multiphonics-025_1.wav,multiphonics,val
data/raw_data/train/1m/multiphonics/multiphonics-009_1.wav,multiphonics,val
data/raw_data/train/1m/multiphonics/multiphonics-010_1.wav,multiphonics,val
data/raw_data/train/1m/multiphonics/multiphonics-003_1.wav,multiphonics,val
data/raw_data/train/1m/pizzicato/pizzicato-046_1.wav,pizzicato,train
data/raw_data/train/1m/pizzicato/pizzicato-095_1.wav,pizzicato,train
data/raw_data/train/1m/pizzicato/pizzicato-063_1.wav,pizzicato,train
data/raw_data/train/1m/pizzicato/pizzicato-061_1.wav,pizzicato,train
data/raw_data/train/1m/pizzicato/pizzicato-097_1.wav,pizzicato,train
data/raw_data/train/1m/pizzicato/pizzicato-030_1.wav,pizzicato,train
data/raw_data/train/1m/pizzicato/pizzicato-107_1.wav,pizzicato,train
data/raw_data/train/1m/pizzicato/pizzicato-051_1.wav,pizzicato,train
data/raw_data/train/1m/pizzicato/pizzicato-106_1.wav,pizzicato,train
data/raw_data/train/1m/pizzicato/pizzicato-037_1.wav,pizzicato,train
data/raw_data/train/1m/pizzicato/pizzicato-108_1.wav,pizzicato,train
data/raw_data/train/1m/pizzicato/pizzicato-076_1.wav,pizzicato,train
data/raw_data/train/1m/pizzicato/pizzicato-018_1.wav,pizzicato,train
data/raw_data/train/1m/pizzicato/pizzicato-098_1.wav,pizzicato,train
data/raw_data/train/1m/pizzicato/pizzicato-077_1.wav,pizzicato,train
data/raw_data/train/1m/pizzicato/pizzicato-041_1.wav,pizzicato,train
data/raw_data/train/1m/pizzicato/pizzicato-042_1.wav,pizzicato,train
data/raw_data/train/1m/pizzicato/pizzicato-050_1.wav,pizzicato,train
data/raw_data/train/1m/pizzicato/pizzicato-016_1.wav,pizzicato,train
data/raw_data/train/1m/pizzicato/pizzicato-082_1.wav,pizzicato,train
data/raw_data/train/1m/pizzicato/pizzicato-101_1.wav,pizzicato,train
data/raw_data/train/1m/pizzicato/pizzicato-013_1.wav,pizzicato,train
data/raw_data/train/1m/pizzicato/pizzicato-073_1.wav,pizzicato,train
data/raw_data/train/1m/pizzicato/pizzicato-102_1.wav,pizzicato,train
data/raw_data/train/1m/pizzicato/pizzicato-091_1.wav,pizzicato,train
data/raw_data/train/1m/pizzicato/pizzicato-015_1.wav,pizzicato,train
data/raw_data/train/1m/pizzicato/pizzicato-019_1.wav,pizzicato,train
data/raw_data/train/1m/pizzicato/pizzicato-026_1.wav,pizzicato,train
data/raw_data/train/1m/pizzicato/pizzicato-025_1.wav,pizzicato,train
data/raw_data/train/1m/pizzicato/pizzicato-060_1.wav,pizzicato,train
data/raw_data/train/1m/pizzicato/pizzicato-059_1.wav,pizzicato,train
data/raw_data/train/1m/pizzicato/pizzicato-065_1.wav,pizzicato,train
data/raw_data/train/1m/pizzicato/pizzicato-014_1.wav,pizzicato,train
data/raw_data/train/1m/pizzicato/pizzicato-049_1.wav,pizzicato,train
data/raw_data/train/1m/pizzicato/pizzicato-109_1.wav,pizzicato,train
data/raw_data/train/1m/pizzicato/pizzicato-040_1.wav,pizzicato,train
data/raw_data/train/1m/pizzicato/pizzicato-009_1.wav,pizzicato,train
data/raw_data/train/1m/pizzicato/pizzicato-075_1.wav,pizzicato,train
data/raw_data/train/1m/pizzicato/pizzicato-007_1.wav,pizzicato,train
data/raw_data/train/1m/pizzicato/pizzicato-099_1.wav,pizzicato,train
data/raw_data/train/1m/pizzicato/pizzicato-074_1.wav,pizzicato,train
data/raw_data/train/1m/pizzicato/pizzicato-105_1.wav,pizzicato,train
data/raw_data/train/1m/pizzicato/pizzicato-085_1.wav,pizzicato,train
data/raw_data/train/1m/pizzicato/pizzicato-057_1.wav,pizzicato,train
data/raw_data/train/1m/pizzicato/pizzicato-022_1.wav,pizzicato,train
data/raw_data/train/1m/pizzicato/pizzicato-001_1.wav,pizzicato,train
data/raw_data/train/1m/pizzicato/pizzicato-090_1.wav,pizzicato,train
data/raw_data/train/1m/pizzicato/pizzicato-028_1.wav,pizzicato,train
data/raw_data/train/1m/pizzicato/pizzicato-005_1.wav,pizzicato,train
data/raw_data/train/1m/pizzicato/pizzicato-020_1.wav,pizzicato,train
data/raw_data/train/1m/pizzicato/pizzicato-104_1.wav,pizzicato,val
data/raw_data/train/1m/pizzicato/pizzicato-045_1.wav,pizzicato,val
data/raw_data/train/1m/pizzicato/pizzicato-011_1.wav,pizzicato,val
data/raw_data/train/1m/pizzicato/pizzicato-033_1.wav,pizzicato,val
data/raw_data/train/1m/pizzicato/pizzicato-112_1.wav,pizzicato,val
data/raw_data/train/1m/pizzicato/pizzicato-002_1.wav,pizzicato,val
data/raw_data/train/1m/pizzicato/pizzicato-110_1.wav,pizzicato,val
data/raw_data/train/1m/pizzicato/pizzicato-036_1.wav,pizzicato,val
data/raw_data/train/1m/pizzicato/pizzicato-021_1.wav,pizzicato,val
data/raw_data/train/1m/pizzicato/pizzicato-017_1.wav,pizzicato,val
data/raw_data/train/1m/pizzicato/pizzicato-055_1.wav,pizzicato,val
data/raw_data/train/1m/pizzicato/pizzicato-088_1.wav,pizzicato,val
data/raw_data/train/1m/flatterzunge/flatterzunge-016_1.wav,flatterzunge,train
data/raw_data/train/1m/flatterzunge/flatterzunge-037_1.wav,flatterzunge,train
data/raw_data/train/1m/flatterzunge/flatterzunge-007_1.wav,flatterzunge,train
data/raw_data/train/1m/flatterzunge/flatterzunge-021_1.wav,flatterzunge,train
data/raw_data/train/1m/flatterzunge/flatterzunge-004_1.wav,flatterzunge,train
data/raw_data/train/1m/flatterzunge/flatterzunge-025_1.wav,flatterzunge,train
data/raw_data/train/1m/flatterzunge/flatterzunge-024_1.wav,flatterzunge,train
data/raw_data/train/1m/flatterzunge/flatterzunge-010_1.wav,flatterzunge,train
data/raw_data/train/1m/flatterzunge/flatterzunge-012_1.wav,flatterzunge,train
data/raw_data/train/1m/flatterzunge/flatterzunge-002_1.wav,flatterzunge,train
data/raw_data/train/1m/flatterzunge/flatterzunge-027_1.wav,flatterzunge,train
data/raw_data/train/1m/flatterzunge/flatterzunge-001_1.wav,flatterzunge,train
data/raw_data/train/1m/flatterzunge/flatterzunge-030_1.wav,flatterzunge,train
data/raw_data/train/1m/flatterzunge/flatterzunge-022_1.wav,flatterzunge,train
data/raw_data/train/1m/flatterzunge/flatterzunge-019_1.wav,flatterzunge,train
data/raw_data/train/1m/flatterzunge/flatterzunge-006_1.wav,flatterzunge,train
data/raw_data/train/1m/flatterzunge/flatterzunge-033_1.wav,flatterzunge,train
data/raw_data/train/1m/flatterzunge/flatterzunge-011_1.wav,flatterzunge,train
data/raw_data/train/1m/flatterzunge/flatterzunge-003_1.wav,flatterzunge,train
data/raw_data/train/1m/flatterzunge/flatterzunge-009_1.wav,flatterzunge,train
data/raw_data/train/1m/flatterzunge/flatterzunge-023_1.wav,flatterzunge,train
data/raw_data/train/1m/flatterzunge/flatterzunge-036_1.wav,flatterzunge,val
data/raw_data/train/1m/flatterzunge/flatterzunge-035_1.wav,flatterzunge,val
data/raw_data/train/1m/flatterzunge/flatterzunge-028_1.wav,flatterzunge,val
data/raw_data/train/1m/flatterzunge/flatterzunge-031_1.wav,flatterzunge,val
data/raw_data/train/1m/flatterzunge/flatterzunge-008_1.wav,flatterzunge,val
data/raw_data/train/1m/tongue-ram/tongue-ram-019_1.wav,tongue-ram,train
data/raw_data/train/1m/tongue-ram/tongue-ram-037_1.wav,tongue-ram,train
data/raw_data/train/1m/tongue-ram/tongue-ram-100_1.wav,tongue-ram,train
data/raw_data/train/1m/tongue-ram/tongue-ram-101_1.wav,tongue-ram,train
data/raw_data/train/1m/tongue-ram/tongue-ram-104_1.wav,tongue-ram,train
data/raw_data/train/1m/tongue-ram/tongue-ram-039_1.wav,tongue-ram,train
data/raw_data/train/1m/tongue-ram/tongue-ram-001_1.wav,tongue-ram,train
data/raw_data/train/1m/tongue-ram/tongue-ram-092_1.wav,tongue-ram,train
data/raw_data/train/1m/tongue-ram/tongue-ram-043_1.wav,tongue-ram,train
data/raw_data/train/1m/tongue-ram/tongue-ram-041_1.wav,tongue-ram,train
data/raw_data/train/1m/tongue-ram/tongue-ram-065_1.wav,tongue-ram,train
data/raw_data/train/1m/tongue-ram/tongue-ram-068_1.wav,tongue-ram,train
data/raw_data/train/1m/tongue-ram/tongue-ram-045_1.wav,tongue-ram,train
data/raw_data/train/1m/tongue-ram/tongue-ram-098_1.wav,tongue-ram,train
data/raw_data/train/1m/tongue-ram/tongue-ram-008_1.wav,tongue-ram,train
data/raw_data/train/1m/tongue-ram/tongue-ram-105_1.wav,tongue-ram,train
data/raw_data/train/1m/tongue-ram/tongue-ram-082_1.wav,tongue-ram,train
data/raw_data/train/1m/tongue-ram/tongue-ram-064_1.wav,tongue-ram,train
data/raw_data/train/1m/tongue-ram/tongue-ram-053_1.wav,tongue-ram,train
data/raw_data/train/1m/tongue-ram/tongue-ram-106_1.wav,tongue-ram,train
data/raw_data/train/1m/tongue-ram/tongue-ram-063_1.wav,tongue-ram,train
data/raw_data/train/1m/tongue-ram/tongue-ram-071_1.wav,tongue-ram,train
data/raw_data/train/1m/tongue-ram/tongue-ram-027_1.wav,tongue-ram,train
data/raw_data/train/1m/tongue-ram/tongue-ram-083_1.wav,tongue-ram,train
data/raw_data/train/1m/tongue-ram/tongue-ram-075_1.wav,tongue-ram,train
data/raw_data/train/1m/tongue-ram/tongue-ram-093_1.wav,tongue-ram,train
data/raw_data/train/1m/tongue-ram/tongue-ram-014_1.wav,tongue-ram,train
data/raw_data/train/1m/tongue-ram/tongue-ram-012_1.wav,tongue-ram,train
data/raw_data/train/1m/tongue-ram/tongue-ram-103_1.wav,tongue-ram,train
data/raw_data/train/1m/tongue-ram/tongue-ram-047_1.wav,tongue-ram,train
data/raw_data/train/1m/tongue-ram/tongue-ram-049_1.wav,tongue-ram,train
data/raw_data/train/1m/tongue-ram/tongue-ram-089_1.wav,tongue-ram,train
data/raw_data/train/1m/tongue-ram/tongue-ram-042_1.wav,tongue-ram,train
data/raw_data/train/1m/tongue-ram/tongue-ram-050_1.wav,tongue-ram,train
data/raw_data/train/1m/tongue-ram/tongue-ram-086_1.wav,tongue-ram,train
data/raw_data/train/1m/tongue-ram/tongue-ram-059_1.wav,tongue-ram,train
data/raw_data/train/1m/tongue-ram/tongue-ram-073_1.wav,tongue-ram,train
data/raw_data/train/1m/tongue-ram/tongue-ram-057_1.wav,tongue-ram,train
data/raw_data/train/1m/tongue-ram/tongue-ram-060_1.wav,tongue-ram,train
data/raw_data/train/1m/tongue-ram/tongue-ram-034_1.wav,tongue-ram,train
data/raw_data/train/1m/tongue-ram/tongue-ram-004_1.wav,tongue-ram,train
data/raw_data/train/1m/tongue-ram/tongue-ram-076_1.wav,tongue-ram,train
data/raw_data/train/1m/tongue-ram/tongue-ram-107_1.wav,tongue-ram,train
data/raw_data/train/1m/tongue-ram/tongue-ram-058_1.wav,tongue-ram,train
data/raw_data/train/1m/tongue-ram/tongue-ram-028_1.wav,tongue-ram,train
data/raw_data/train/1m/tongue-ram/tongue-ram-007_1.wav,tongue-ram,train
data/raw_data/train/1m/tongue-ram/tongue-ram-022_1.wav,tongue-ram,train
data/raw_data/train/1m/tongue-ram/tongue-ram-015_1.wav,tongue-ram,train
data/raw_data/train/1m/tongue-ram/tongue-ram-011_1.wav,tongue-ram,train
data/raw_data/train/1m/tongue-ram/tongue-ram-006_1.wav,tongue-ram,train
data/raw_data/train/1m/tongue-ram/tongue-ram-062_1.wav,tongue-ram,train
data/raw_data/train/1m/tongue-ram/tongue-ram-051_1.wav,tongue-ram,train
data/raw_data/train/1m/tongue-ram/tongue-ram-046_1.wav,tongue-ram,val
data/raw_data/train/1m/tongue-ram/tongue-ram-090_1.wav,tongue-ram,val
data/raw_data/train/1m/tongue-ram/tongue-ram-102_1.wav,tongue-ram,val
data/raw_data/train/1m/tongue-ram/tongue-ram-032_1.wav,tongue-ram,val
data/raw_data/train/1m/tongue-ram/tongue-ram-097_1.wav,tongue-ram,val
data/raw_data/train/1m/tongue-ram/tongue-ram-099_1.wav,tongue-ram,val
data/raw_data/train/1m/tongue-ram/tongue-ram-088_1.wav,tongue-ram,val
data/raw_data/train/1m/tongue-ram/tongue-ram-048_1.wav,tongue-ram,val
data/raw_data/train/1m/tongue-ram/tongue-ram-036_1.wav,tongue-ram,val
data/raw_data/train/1m/tongue-ram/tongue-ram-009_1.wav,tongue-ram,val
data/raw_data/train/1m/tongue-ram/tongue-ram-029_1.wav,tongue-ram,val
data/raw_data/train/1m/tongue-ram/tongue-ram-024_1.wav,tongue-ram,val
data/raw_data/train/1m/tongue-ram/tongue-ram-035_1.wav,tongue-ram,val
data/raw_data/train/1m/staccato/staccato-094_1.wav,staccato,train
data/raw_data/train/1m/staccato/staccato-131_1.wav,staccato,train
data/raw_data/train/1m/staccato/staccato-153_1.wav,staccato,train
data/raw_data/train/1m/staccato/staccato-055_1.wav,staccato,train
data/raw_data/train/1m/staccato/staccato-088_1.wav,staccato,train
data/raw_data/train/1m/staccato/staccato-132_1.wav,staccato,train
data/raw_data/train/1m/staccato/staccato-141_1.wav,staccato,train
data/raw_data/train/1m/staccato/staccato-095_1.wav,staccato,train
data/raw_data/train/1m/staccato/staccato-049_1.wav,staccato,train
data/raw_data/train/1m/staccato/staccato-019_1.wav,staccato,train
data/raw_data/train/1m/staccato/staccato-014_1.wav,staccato,train
data/raw_data/train/1m/staccato/staccato-106_1.wav,staccato,train
data/raw_data/train/1m/staccato/staccato-162_1.wav,staccato,train
data/raw_data/train/1m/staccato/staccato-051_1.wav,staccato,train
data/raw_data/train/1m/staccato/staccato-043_1.wav,staccato,train
data/raw_data/train/1m/staccato/staccato-021_1.wav,staccato,train
data/raw_data/train/1m/staccato/staccato-067_1.wav,staccato,train
data/raw_data/train/1m/staccato/staccato-104_1.wav,staccato,train
data/raw_data/train/1m/staccato/staccato-025_1.wav,staccato,train
data/raw_data/train/1m/staccato/staccato-168_1.wav,staccato,train
data/raw_data/train/1m/staccato/staccato-110_1.wav,staccato,train
data/raw_data/train/1m/staccato/staccato-081_1.wav,staccato,train
data/raw_data/train/1m/staccato/staccato-078_1.wav,staccato,train
data/raw_data/train/1m/staccato/staccato-151_1.wav,staccato,train
data/raw_data/train/1m/staccato/staccato-057_1.wav,staccato,train
data/raw_data/train/1m/staccato/staccato-031_1.wav,staccato,train
data/raw_data/train/1m/staccato/staccato-093_1.wav,staccato,train
data/raw_data/train/1m/staccato/staccato-036_1.wav,staccato,train
data/raw_data/train/1m/staccato/staccato-030_1.wav,staccato,train
data/raw_data/train/1m/staccato/staccato-003_1.wav,staccato,train
data/raw_data/train/1m/staccato/staccato-146_1.wav,staccato,train
data/raw_data/train/1m/staccato/staccato-103_1.wav,staccato,train
data/raw_data/train/1m/staccato/staccato-100_1.wav,staccato,train
data/raw_data/train/1m/staccato/staccato-102_1.wav,staccato,train
data/raw_data/train/1m/staccato/staccato-024_1.wav,staccato,train
data/raw_data/train/1m/staccato/staccato-069_1.wav,staccato,train
data/raw_data/train/1m/staccato/staccato-015_1.wav,staccato,train
data/raw_data/train/1m/staccato/staccato-139_1.wav,staccato,train
data/raw_data/train/1m/staccato/staccato-134_1.wav,staccato,train
data/raw_data/train/1m/staccato/staccato-005_1.wav,staccato,train
data/raw_data/train/1m/staccato/staccato-056_1.wav,staccato,train
data/raw_data/train/1m/staccato/staccato-010_1.wav,staccato,train
data/raw_data/train/1m/staccato/staccato-060_1.wav,staccato,train
data/raw_data/train/1m/staccato/staccato-075_1.wav,staccato,train
data/raw_data/train/1m/staccato/staccato-109_1.wav,staccato,train
data/raw_data/train/1m/staccato/staccato-116_1.wav,staccato,train
data/raw_data/train/1m/staccato/staccato-173_1.wav,staccato,train
data/raw_data/train/1m/staccato/staccato-165_1.wav,staccato,train
data/raw_data/train/1m/staccato/staccato-006_1.wav,staccato,train
data/raw_data/train/1m/staccato/staccato-071_1.wav,staccato,train
data/raw_data/train/1m/staccato/staccato-122_1.wav,staccato,train
data/raw_data/train/1m/staccato/staccato-091_1.wav,staccato,train
data/raw_data/train/1m/staccato/staccato-082_1.wav,staccato,train
data/raw_data/train/1m/staccato/staccato-156_1.wav,staccato,train
data/raw_data/train/1m/staccato/staccato-083_1.wav,staccato,train
data/raw_data/train/1m/staccato/staccato-114_1.wav,staccato,train
data/raw_data/train/1m/staccato/staccato-086_1.wav,staccato,train
data/raw_data/train/1m/staccato/staccato-028_1.wav,staccato,train
data/raw_data/train/1m/staccato/staccato-154_1.wav,staccato,train
data/raw_data/train/1m/staccato/staccato-117_1.wav,staccato,train
data/raw_data/train/1m/staccato/staccato-130_1.wav,staccato,train
data/raw_data/train/1m/staccato/staccato-034_1.wav,staccato,train
data/raw_data/train/1m/staccato/staccato-040_1.wav,staccato,train
data/raw_data/train/1m/staccato/staccato-120_1.wav,staccato,train
data/raw_data/train/1m/staccato/staccato-033_1.wav,staccato,train
data/raw_data/train/1m/staccato/staccato-026_1.wav,staccato,train
data/raw_data/train/1m/staccato/staccato-169_1.wav,staccato,train
data/raw_data/train/1m/staccato/staccato-166_1.wav,staccato,train
data/raw_data/train/1m/staccato/staccato-157_1.wav,staccato,train
data/raw_data/train/1m/staccato/staccato-090_1.wav,staccato,train
data/raw_data/train/1m/staccato/staccato-052_1.wav,staccato,train
data/raw_data/train/1m/staccato/staccato-123_1.wav,staccato,train
data/raw_data/train/1m/staccato/staccato-029_1.wav,staccato,train
data/raw_data/train/1m/staccato/staccato-011_1.wav,staccato,train
data/raw_data/train/1m/staccato/staccato-044_1.wav,staccato,train
data/raw_data/train/1m/staccato/staccato-113_1.wav,staccato,train
data/raw_data/train/1m/staccato/staccato-143_1.wav,staccato,train
data/raw_data/train/1m/staccato/staccato-061_1.wav,staccato,train
data/raw_data/train/1m/staccato/staccato-023_1.wav,staccato,train
data/raw_data/train/1m/staccato/staccato-064_1.wav,staccato,train
data/raw_data/train/1m/staccato/staccato-032_1.wav,staccato,train
data/raw_data/train/1m/staccato/staccato-152_1.wav,staccato,train
data/raw_data/train/1m/staccato/staccato-020_1.wav,staccato,train
data/raw_data/train/1m/staccato/staccato-108_1.wav,staccato,train
data/raw_data/train/1m/staccato/staccato-158_1.wav,staccato,train
data/raw_data/train/1m/staccato/staccato-013_1.wav,staccato,train
data/raw_data/train/1m/staccato/staccato-099_1.wav,staccato,train
data/raw_data/train/1m/staccato/staccato-063_1.wav,staccato,train
data/raw_data/train/1m/staccato/staccato-159_1.wav,staccato,train
data/raw_data/train/1m/staccato/staccato-068_1.wav,staccato,train
data/raw_data/train/1m/staccato/staccato-160_1.wav,staccato,val
data/raw_data/train/1m/staccato/staccato-073_1.wav,staccato,val
data/raw_data/train/1m/staccato/staccato-089_1.wav,staccato,val
data/raw_data/train/1m/staccato/staccato-125_1.wav,staccato,val
data/raw_data/train/1m/staccato/staccato-115_1.wav,staccato,val
data/raw_data/train/1m/staccato/staccato-097_1.wav,staccato,val
data/raw_data/train/1m/staccato/staccato-172_1.wav,staccato,val
data/raw_data/train/1m/staccato/staccato-038_1.wav,staccato,val
data/raw_data/train/1m/staccato/staccato-118_1.wav,staccato,val
data/raw_data/train/1m/staccato/staccato-045_1.wav,staccato,val
data/raw_data/train/1m/staccato/staccato-164_1.wav,staccato,val
data/raw_data/train/1m/staccato/staccato-070_1.wav,staccato,val
data/raw_data/train/1m/staccato/staccato-018_1.wav,staccato,val
data/raw_data/train/1m/staccato/staccato-065_1.wav,staccato,val
data/raw_data/train/1m/staccato/staccato-004_1.wav,staccato,val
data/raw_data/train/1m/staccato/staccato-137_1.wav,staccato,val
data/raw_data/train/1m/staccato/staccato-008_1.wav,staccato,val
data/raw_data/train/1m/staccato/staccato-163_1.wav,staccato,val
data/raw_data/train/1m/staccato/staccato-027_1.wav,staccato,val
data/raw_data/train/1m/staccato/staccato-155_1.wav,staccato,val
data/raw_data/train/1m/staccato/staccato-002_1.wav,staccato,val
data/raw_data/train/1m/staccato/staccato-161_1.wav,staccato,val
data/raw_data/train/1m/key-click/key-click-112_1.wav,key-click,train
data/raw_data/train/1m/key-click/key-click-052_1.wav,key-click,train
data/raw_data/train/1m/key-click/key-click-045_1.wav,key-click,train
data/raw_data/train/1m/key-click/key-click-117_1.wav,key-click,train
data/raw_data/train/1m/key-click/key-click-062_1.wav,key-click,train
data/raw_data/train/1m/key-click/key-click-103_1.wav,key-click,train
data/raw_data/train/1m/key-click/key-click-101_1.wav,key-click,train
data/raw_data/train/1m/key-click/key-click-083_1.wav,key-click,train
data/raw_data/train/1m/key-click/key-click-067_1.wav,key-click,train
data/raw_data/train/1m/key-click/key-click-050_1.wav,key-click,train
data/raw_data/train/1m/key-click/key-click-126_1.wav,key-click,train
data/raw_data/train/1m/key-click/key-click-027_1.wav,key-click,train
data/raw_data/train/1m/key-click/key-click-093_1.wav,key-click,train
data/raw_data/train/1m/key-click/key-click-081_1.wav,key-click,train
data/raw_data/train/1m/key-click/key-click-065_1.wav,key-click,train
data/raw_data/train/1m/key-click/key-click-016_1.wav,key-click,train
data/raw_data/train/1m/key-click/key-click-033_1.wav,key-click,train
data/raw_data/train/1m/key-click/key-click-002_1.wav,key-click,train
data/raw_data/train/1m/key-click/key-click-066_1.wav,key-click,train
data/raw_data/train/1m/key-click/key-click-011_1.wav,key-click,train
data/raw_data/train/1m/key-click/key-click-008_1.wav,key-click,train
data/raw_data/train/1m/key-click/key-click-058_1.wav,key-click,train
data/raw_data/train/1m/key-click/key-click-094_1.wav,key-click,train
data/raw_data/train/1m/key-click/key-click-071_1.wav,key-click,train
data/raw_data/train/1m/key-click/key-click-075_1.wav,key-click,train
data/raw_data/train/1m/key-click/key-click-114_1.wav,key-click,train
data/raw_data/train/1m/key-click/key-click-038_1.wav,key-click,train
data/raw_data/train/1m/key-click/key-click-042_1.wav,key-click,train
data/raw_data/train/1m/key-click/key-click-104_1.wav,key-click,train
data/raw_data/train/1m/key-click/key-click-049_1.wav,key-click,train
data/raw_data/train/1m/key-click/key-click-118_1.wav,key-click,train
data/raw_data/train/1m/key-click/key-click-107_1.wav,key-click,train
data/raw_data/train/1m/key-click/key-click-036_1.wav,key-click,train
data/raw_data/train/1m/key-click/key-click-032_1.wav,key-click,train
data/raw_data/train/1m/key-click/key-click-037_1.wav,key-click,train
data/raw_data/train/1m/key-click/key-click-064_1.wav,key-click,train
data/raw_data/train/1m/key-click/key-click-056_1.wav,key-click,train
data/raw_data/train/1m/key-click/key-click-119_1.wav,key-click,train
data/raw_data/train/1m/key-click/key-click-113_1.wav,key-click,train
data/raw_data/train/1m/key-click/key-click-084_1.wav,key-click,train
data/raw_data/train/1m/key-click/key-click-020_1.wav,key-click,train
data/raw_data/train/1m/key-click/key-click-029_1.wav,key-click,train
data/raw_data/train/1m/key-click/key-click-080_1.wav,key-click,train
data/raw_data/train/1m/key-click/key-click-014_1.wav,key-click,train
data/raw_data/train/1m/key-click/key-click-079_1.wav,key-click,train
data/raw_data/train/1m/key-click/key-click-077_1.wav,key-click,train
data/raw_data/train/1m/key-click/key-click-090_1.wav,key-click,train
data/raw_data/train/1m/key-click/key-click-007_1.wav,key-click,train
data/raw_data/train/1m/key-click/key-click-069_1.wav,key-click,train
data/raw_data/train/1m/key-click/key-click-089_1.wav,key-click,train
data/raw_data/train/1m/key-click/key-click-034_1.wav,key-click,train
data/raw_data/train/1m/key-click/key-click-021_1.wav,key-click,train
data/raw_data/train/1m/key-click/key-click-072_1.wav,key-click,train
data/raw_data/train/1m/key-click/key-click-123_1.wav,key-click,train
data/raw_data/train/1m/key-click/key-click-024_1.wav,key-click,train
data/raw_data/train/1m/key-click/key-click-088_1.wav,key-click,train
data/raw_data/train/1m/key-click/key-click-046_1.wav,key-click,train
data/raw_data/train/1m/key-click/key-click-031_1.wav,key-click,train
data/raw_data/train/1m/key-click/key-click-061_1.wav,key-click,train
data/raw_data/train/1m/key-click/key-click-110_1.wav,key-click,train
data/raw_data/train/1m/key-click/key-click-091_1.wav,key-click,train
data/raw_data/train/1m/key-click/key-click-122_1.wav,key-click,train
data/raw_data/train/1m/key-click/key-click-030_1.wav,key-click,train
data/raw_data/train/1m/key-click/key-click-092_1.wav,key-click,train
data/raw_data/train/1m/key-click/key-click-125_1.wav,key-click,train
data/raw_data/train/1m/key-click/key-click-010_1.wav,key-click,train
data/raw_data/train/1m/key-click/key-click-006_1.wav,key-click,train
data/raw_data/train/1m/key-click/key-click-098_1.wav,key-click,train
data/raw_data/train/1m/key-click/key-click-106_1.wav,key-click,train
data/raw_data/train/1m/key-click/key-click-013_1.wav,key-click,train
data/raw_data/train/1m/key-click/key-click-096_1.wav,key-click,train
data/raw_data/train/1m/key-click/key-click-108_1.wav,key-click,val
data/raw_data/train/1m/key-click/key-click-047_1.wav,key-click,val
data/raw_data/train/1m/key-click/key-click-086_1.wav,key-click,val
data/raw_data/train/1m/key-click/key-click-039_1.wav,key-click,val
data/raw_data/train/1m/key-click/key-click-019_1.wav,key-click,val
data/raw_data/train/1m/key-click/key-click-111_1.wav,key-click,val
data/raw_data/train/1m/key-click/key-click-057_1.wav,key-click,val
data/raw_data/train/1m/key-click/key-click-074_1.wav,key-click,val
data/raw_data/train/1m/key-click/key-click-076_1.wav,key-click,val
data/raw_data/train/1m/key-click/key-click-043_1.wav,key-click,val
data/raw_data/train/1m/key-click/key-click-073_1.wav,key-click,val
data/raw_data/train/1m/key-click/key-click-051_1.wav,key-click,val
data/raw_data/train/1m/key-click/key-click-035_1.wav,key-click,val
data/raw_data/train/1m/key-click/key-click-116_1.wav,key-click,val
data/raw_data/train/1m/key-click/key-click-017_1.wav,key-click,val
data/raw_data/train/1m/key-click/key-click-054_1.wav,key-click,val
data/raw_data/train/1m/key-click/key-click-102_1.wav,key-click,val
data/raw_data/test/close/ordinario/ordinario-042_1.wav,ordinario,test
data/raw_data/test/close/ordinario/ordinario-023_1.wav,ordinario,test
data/raw_data/test/close/ordinario/ordinario-021_1.wav,ordinario,test
data/raw_data/test/close/ordinario/ordinario-040_1.wav,ordinario,test
data/raw_data/test/close/ordinario/ordinario-005_1.wav,ordinario,test
data/raw_data/test/close/ordinario/ordinario-044_1.wav,ordinario,test
data/raw_data/test/close/ordinario/ordinario-025_1.wav,ordinario,test
data/raw_data/test/close/ordinario/ordinario-003_1.wav,ordinario,test
data/raw_data/test/close/ordinario/ordinario-039_1.wav,ordinario,test
data/raw_data/test/close/ordinario/ordinario-006_1.wav,ordinario,test
data/raw_data/test/close/ordinario/ordinario-043_1.wav,ordinario,test
data/raw_data/test/close/ordinario/ordinario-022_1.wav,ordinario,test
data/raw_data/test/close/ordinario/ordinario-026_1.wav,ordinario,test
data/raw_data/test/close/ordinario/ordinario-002_1.wav,ordinario,test
data/raw_data/test/close/ordinario/ordinario-019_1.wav,ordinario,test
data/raw_data/test/close/ordinario/ordinario-028_1.wav,ordinario,test
data/raw_data/test/close/ordinario/ordinario-050_1.wav,ordinario,test
data/raw_data/test/close/ordinario/ordinario-015_1.wav,ordinario,test
data/raw_data/test/close/ordinario/ordinario-031_1.wav,ordinario,test
data/raw_data/test/close/ordinario/ordinario-049_1.wav,ordinario,test
data/raw_data/test/close/ordinario/ordinario-033_1.wav,ordinario,test
data/raw_data/test/close/ordinario/ordinario-017_1.wav,ordinario,test
data/raw_data/test/close/ordinario/ordinario-013_1.wav,ordinario,test
data/raw_data/test/close/ordinario/ordinario-037_1.wav,ordinario,test
data/raw_data/test/close/ordinario/ordinario-035_1.wav,ordinario,test
data/raw_data/test/close/ordinario/ordinario-008_1.wav,ordinario,test
data/raw_data/test/close/ordinario/ordinario-032_1.wav,ordinario,test
data/raw_data/test/close/ordinario/ordinario-029_1.wav,ordinario,test
data/raw_data/test/close/ordinario/ordinario-048_1.wav,ordinario,test
data/raw_data/test/close/ordinario/ordinario-034_1.wav,ordinario,test
data/raw_data/test/close/ordinario/ordinario-010_1.wav,ordinario,test
data/raw_data/test/close/ordinario/ordinario-012_1.wav,ordinario,test
data/raw_data/test/close/whistle-tone/whistle-tone-sweep-015_1.wav,whistle-tone,test
data/raw_data/test/close/whistle-tone/whistle-tone-sweep-017_1.wav,whistle-tone,test
data/raw_data/test/close/whistle-tone/whistle-tone-sweep-013_1.wav,whistle-tone,test
data/raw_data/test/close/whistle-tone/whistle-tone-sweep-011_1.wav,whistle-tone,test
data/raw_data/test/close/whistle-tone/whistle-tone-sweep-008_1.wav,whistle-tone,test
data/raw_data/test/close/whistle-tone/whistle-tone-003_1.wav,whistle-tone,test
data/raw_data/test/close/whistle-tone/whistle-tone-balayage-006_1.wav,whistle-tone,test
data/raw_data/test/close/whistle-tone/whistle-tone-001_1.wav,whistle-tone,test
data/raw_data/test/close/whistle-tone/whistle-tone-sweep-010_1.wav,whistle-tone,test
data/raw_data/test/close/whistle-tone/whistle-tone-005_1.wav,whistle-tone,test
data/raw_data/test/close/whistle-tone/whistle-tone-sweep-009_1.wav,whistle-tone,test
data/raw_data/test/close/whistle-tone/whistle-tone-007_1.wav,whistle-tone,test
data/raw_data/test/close/whistle-tone/whistle-tone-012_1.wav,whistle-tone,test
data/raw_data/test/close/whistle-tone/whistle-tone-sweep-007_1.wav,whistle-tone,test
data/raw_data/test/close/whistle-tone/whistle-tone-sweep-005_1.wav,whistle-tone,test
data/raw_data/test/close/whistle-tone/whistle-tone-010_1.wav,whistle-tone,test
data/raw_data/test/close/whistle-tone/whistle-tone-sweep-001_1.wav,whistle-tone,test
data/raw_data/test/close/whistle-tone/whistle-tone-balayage-008_1.wav,whistle-tone,test
data/raw_data/test/close/whistle-tone/whistle-tone-008_1.wav,whistle-tone,test
data/raw_data/test/close/whistle-tone/whistle-tone-sweep-006_1.wav,whistle-tone,test
data/raw_data/test/close/whistle-tone/whistle-tone-balayage-009_1.wav,whistle-tone,test
data/raw_data/test/close/play-and-sing/play-and-sing-006_1.wav,play-and-sing,test
data/raw_data/test/close/play-and-sing/play-and-sing-002_1.wav,play-and-sing,test
data/raw_data/test/close/play-and-sing/play-and-sing-unison-005_1.wav,play-and-sing,test
data/raw_data/test/close/play-and-sing/play-and-sing-unison-007_1.wav,play-and-sing,test
data/raw_data/test/close/play-and-sing/play-and-sing-007_1.wav,play-and-sing,test
data/raw_data/test/close/play-and-sing/play-and-sing-001_1.wav,play-and-sing,test
data/raw_data/test/close/play-and-sing/play-and-sing-unison-022_1.wav,play-and-sing,test
data/raw_data/test/close/play-and-sing/play-and-sing-003_1.wav,play-and-sing,test
data/raw_data/test/close/play-and-sing/play-and-sing-unison-020_1.wav,play-and-sing,test
data/raw_data/test/close/play-and-sing/play-and-sing-unison-008_1.wav,play-and-sing,test
data/raw_data/test/close/play-and-sing/play-and-sing-unison-011_1.wav,play-and-sing,test
data/raw_data/test/close/play-and-sing/play-and-sing-014_1.wav,play-and-sing,test
data/raw_data/test/close/play-and-sing/play-and-sing-010_1.wav,play-and-sing,test
data/raw_data/test/close/play-and-sing/play-and-sing-unison-017_1.wav,play-and-sing,test
data/raw_data/test/close/play-and-sing/play-and-sing-009_1.wav,play-and-sing,test
data/raw_data/test/close/play-and-sing/play-and-sing-unison-015_1.wav,play-and-sing,test
data/raw_data/test/close/play-and-sing/play-and-sing-012_1.wav,play-and-sing,test
data/raw_data/test/close/play-and-sing/play-and-sing-unison-010_1.wav,play-and-sing,test
data/raw_data/test/close/play-and-sing/play-and-sing-unison-014_1.wav,play-and-sing,test
data/raw_data/test/close/play-and-sing/play-and-sing-013_1.wav,play-and-sing,test
data/raw_data/test/close/play-and-sing/play-and-sing-011_1.wav,play-and-sing,test
data/raw_data/test/close/play-and-sing/play-and-sing-008_1.wav,play-and-sing,test
data/raw_data/test/close/trill/trill-minor-second-up-030_1.wav,trill,test
data/raw_data/test/close/trill/trill-major-second-up-032_1.wav,trill,test
data/raw_data/test/close/trill/trill-minor-second-up-051_1.wav,trill,test
data/raw_data/test/close/trill/trill-minor-second-up-014_1.wav,trill,test
data/raw_data/test/close/trill/trill-minor-second-up-029_1.wav,trill,test
data/raw_data/test/close/trill/trill-major-second-up-029_1.wav,trill,test
data/raw_data/test/close/trill/trill-minor-second-up-016_1.wav,trill,test
data/raw_data/test/close/trill/trill-major-second-up-014_1.wav,trill,test
data/raw_data/test/close/trill/trill-major-second-up-030_1.wav,trill,test
data/raw_data/test/close/trill/trill-minor-second-up-012_1.wav,trill,test
data/raw_data/test/close/trill/trill-major-second-up-012_1.wav,trill,test
data/raw_data/test/close/trill/trill-major-second-up-036_1.wav,trill,test
data/raw_data/test/close/trill/trill-minor-second-up-034_1.wav,trill,test
data/raw_data/test/close/trill/trill-major-second-up-015_1.wav,trill,test
data/raw_data/test/close/trill/trill-minor-second-up-052_1.wav,trill,test
data/raw_data/test/close/trill/trill-major-second-up-028_1.wav,trill,test
data/raw_data/test/close/trill/trill-major-second-up-031_1.wav,trill,test
data/raw_data/test/close/trill/trill-minor-second-up-033_1.wav,trill,test
data/raw_data/test/close/trill/trill-major-second-up-033_1.wav,trill,test
data/raw_data/test/close/trill/trill-minor-second-up-031_1.wav,trill,test
data/raw_data/test/close/trill/trill-minor-second-up-028_1.wav,trill,test
data/raw_data/test/close/trill/trill-minor-second-up-015_1.wav,trill,test
data/raw_data/test/close/trill/trill-minor-second-up-050_1.wav,trill,test
data/raw_data/test/close/trill/trill-minor-second-up-069_1.wav,trill,test
data/raw_data/test/close/trill/trill-minor-second-up-011_1.wav,trill,test
data/raw_data/test/close/trill/trill-minor-second-up-054_1.wav,trill,test
data/raw_data/test/close/trill/trill-minor-second-up-008_1.wav,trill,test
data/raw_data/test/close/trill/trill-minor-second-up-037_1.wav,trill,test
data/raw_data/test/close/trill/trill-minor-second-up-056_1.wav,trill,test
data/raw_data/test/close/trill/trill-major-second-up-011_1.wav,trill,test
data/raw_data/test/close/trill/trill-minor-second-up-067_1.wav,trill,test
data/raw_data/test/close/trill/trill-minor-second-up-022_1.wav,trill,test
data/raw_data/test/close/trill/trill-minor-second-up-043_1.wav,trill,test
data/raw_data/test/close/trill/trill-minor-second-up-006_1.wav,trill,test
data/raw_data/test/close/trill/trill-minor-second-up-041_1.wav,trill,test
data/raw_data/test/close/trill/trill-minor-second-up-039_1.wav,trill,test
data/raw_data/test/close/trill/trill-minor-second-up-058_1.wav,trill,test
data/raw_data/test/close/trill/trill-major-second-up-022_1.wav,trill,test
data/raw_data/test/close/trill/trill-minor-second-up-065_1.wav,trill,test
data/raw_data/test/close/trill/trill-minor-second-up-019_1.wav,trill,test
data/raw_data/test/close/trill/trill-minor-second-up-024_1.wav,trill,test
data/raw_data/test/close/trill/trill-minor-second-up-045_1.wav,trill,test
data/raw_data/test/close/trill/trill-major-second-up-002_1.wav,trill,test
data/raw_data/test/close/trill/trill-minor-second-up-047_1.wav,trill,test
data/raw_data/test/close/trill/trill-minor-second-up-002_1.wav,trill,test
data/raw_data/test/close/trill/trill-minor-second-up-026_1.wav,trill,test
data/raw_data/test/close/trill/trill-major-second-up-024_1.wav,trill,test
data/raw_data/test/close/trill/trill-major-second-up-019_1.wav,trill,test
data/raw_data/test/close/trill/trill-minor-second-up-038_1.wav,trill,test
data/raw_data/test/close/trill/trill-minor-second-up-005_1.wav,trill,test
data/raw_data/test/close/trill/trill-minor-second-up-040_1.wav,trill,test
data/raw_data/test/close/trill/trill-major-second-up-007_1.wav,trill,test
data/raw_data/test/close/trill/trill-minor-second-up-021_1.wav,trill,test
data/raw_data/test/close/trill/trill-major-second-up-023_1.wav,trill,test
data/raw_data/test/close/trill/trill-minor-second-up-023_1.wav,trill,test
data/raw_data/test/close/trill/trill-minor-second-up-007_1.wav,trill,test
data/raw_data/test/close/trill/trill-minor-second-up-042_1.wav,trill,test
data/raw_data/test/close/trill/trill-major-second-up-005_1.wav,trill,test
data/raw_data/test/close/trill/trill-major-second-up-001_1.wav,trill,test
data/raw_data/test/close/trill/trill-major-second-up-025_1.wav,trill,test
data/raw_data/test/close/trill/trill-minor-second-up-027_1.wav,trill,test
data/raw_data/test/close/trill/trill-minor-second-up-062_1.wav,trill,test
data/raw_data/test/close/trill/trill-major-second-up-027_1.wav,trill,test
data/raw_data/test/close/trill/trill-minor-second-up-060_1.wav,trill,test
data/raw_data/test/close/trill/trill-major-second-up-003_1.wav,trill,test
data/raw_data/test/close/trill/trill-minor-second-up-001_1.wav,trill,test
data/raw_data/test/close/trill/trill-minor-second-up-044_1.wav,trill,test
data/raw_data/test/close/aeolian/aeolian-012_1.wav,aeolian,test
data/raw_data/test/close/aeolian/aeolian-009_1.wav,aeolian,test
data/raw_data/test/close/aeolian/aeolian-010_1.wav,aeolian,test
data/raw_data/test/close/aeolian/aeolian-008_1.wav,aeolian,test
data/raw_data/test/close/aeolian/aeolian-004_1.wav,aeolian,test
data/raw_data/test/close/aeolian/aeolian-005_1.wav,aeolian,test
data/raw_data/test/close/aeolian/aeolian-007_1.wav,aeolian,test
data/raw_data/test/close/multiphonics/multiphonics-025_1.wav,multiphonics,test
data/raw_data/test/close/multiphonics/multiphonics-003_1.wav,multiphonics,test
data/raw_data/test/close/multiphonics/multiphonics-007_1.wav,multiphonics,test
data/raw_data/test/close/multiphonics/multiphonics-023_1.wav,multiphonics,test
data/raw_data/test/close/multiphonics/multiphonics-021_1.wav,multiphonics,test
data/raw_data/test/close/multiphonics/multiphonics-005_1.wav,multiphonics,test
data/raw_data/test/close/multiphonics/multiphonics-026_1.wav,multiphonics,test
data/raw_data/test/close/multiphonics/multiphonics-002_1.wav,multiphonics,test
data/raw_data/test/close/multiphonics/multiphonics-024_1.wav,multiphonics,test
data/raw_data/test/close/multiphonics/multiphonics-020_1.wav,multiphonics,test
data/raw_data/test/close/multiphonics/multiphonics-004_1.wav,multiphonics,test
data/raw_data/test/close/multiphonics/multiphonics-006_1.wav,multiphonics,test
data/raw_data/test/close/multiphonics/multiphonics-013_1.wav,multiphonics,test
data/raw_data/test/close/multiphonics/multiphonics-008_1.wav,multiphonics,test
data/raw_data/test/close/multiphonics/multiphonics-028_1.wav,multiphonics,test
data/raw_data/test/close/multiphonics/multiphonics-031_1.wav,multiphonics,test
data/raw_data/test/close/multiphonics/multiphonics-017_1.wav,multiphonics,test
data/raw_data/test/close/multiphonics/multiphonics-009_1.wav,multiphonics,test
data/raw_data/test/close/multiphonics/multiphonics-010_1.wav,multiphonics,test
data/raw_data/test/close/multiphonics/multiphonics-029_1.wav,multiphonics,test
data/raw_data/test/close/multiphonics/multiphonics-030_1.wav,multiphonics,test
data/raw_data/test/close/pizzicato/pizzicato-045_1.wav,pizzicato,test
data/raw_data/test/close/pizzicato/pizzicato-085_1.wav,pizzicato,test
data/raw_data/test/close/pizzicato/pizzicato-078_1.wav,pizzicato,test
data/raw_data/test/close/pizzicato/pizzicato-024_1.wav,pizzicato,test
data/raw_data/test/close/pizzicato/pizzicato-061_1.wav,pizzicato,test
data/raw_data/test/close/pizzicato/pizzicato-026_1.wav,pizzicato,test
data/raw_data/test/close/pizzicato/pizzicato-106_1.wav,pizzicato,test
data/raw_data/test/close/pizzicato/pizzicato-087_1.wav,pizzicato,test
data/raw_data/test/close/pizzicato/pizzicato-002_1.wav,pizzicato,test
data/raw_data/test/close/pizzicato/pizzicato-083_1.wav,pizzicato,test
data/raw_data/test/close/pizzicato/pizzicato-006_1.wav,pizzicato,test
data/raw_data/test/close/pizzicato/pizzicato-043_1.wav,pizzicato,test
data/raw_data/test/close/pizzicato/pizzicato-022_1.wav,pizzicato,test
data/raw_data/test/close/pizzicato/pizzicato-067_1.wav,pizzicato,test
data/raw_data/test/close/pizzicato/pizzicato-102_1.wav,pizzicato,test
data/raw_data/test/close/pizzicato/pizzicato-100_1.wav,pizzicato,test
data/raw_data/test/close/pizzicato/pizzicato-058_1.wav,pizzicato,test
data/raw_data/test/close/pizzicato/pizzicato-065_1.wav,pizzicato,test
data/raw_data/test/close/pizzicato/pizzicato-041_1.wav,pizzicato,test
data/raw_data/test/close/pizzicato/pizzicato-039_1.wav,pizzicato,test
data/raw_data/test/close/pizzicato/pizzicato-107_1.wav,pizzicato,test
data/raw_data/test/close/pizzicato/pizzicato-062_1.wav,pizzicato,test
data/raw_data/test/close/pizzicato/pizzicato-046_1.wav,pizzicato,test
data/raw_data/test/close/pizzicato/pizzicato-079_1.wav,pizzicato,test
data/raw_data/test/close/pizzicato/pizzicato-044_1.wav,pizzicato,test
data/raw_data/test/close/pizzicato/pizzicato-060_1.wav,pizzicato,test
data/raw_data/test/close/pizzicato/pizzicato-105_1.wav,pizzicato,test
data/raw_data/test/close/pizzicato/pizzicato-018_1.wav,pizzicato,test
data/raw_data/test/close/pizzicato/pizzicato-021_1.wav,pizzicato,test
data/raw_data/test/close/pizzicato/pizzicato-059_1.wav,pizzicato,test
data/raw_data/test/close/pizzicato/pizzicato-101_1.wav,pizzicato,test
data/raw_data/test/close/pizzicato/pizzicato-038_1.wav,pizzicato,test
data/raw_data/test/close/pizzicato/pizzicato-080_1.wav,pizzicato,test
data/raw_data/test/close/pizzicato/pizzicato-005_1.wav,pizzicato,test
data/raw_data/test/close/pizzicato/pizzicato-007_1.wav,pizzicato,test
data/raw_data/test/close/pizzicato/pizzicato-082_1.wav,pizzicato,test
data/raw_data/test/close/pizzicato/pizzicato-103_1.wav,pizzicato,test
data/raw_data/test/close/pizzicato/pizzicato-066_1.wav,pizzicato,test
data/raw_data/test/close/pizzicato/pizzicato-023_1.wav,pizzicato,test
data/raw_data/test/close/pizzicato/pizzicato-036_1.wav,pizzicato,test
data/raw_data/test/close/pizzicato/pizzicato-073_1.wav,pizzicato,test
data/raw_data/test/close/pizzicato/pizzicato-009_1.wav,pizzicato,test
data/raw_data/test/close/pizzicato/pizzicato-071_1.wav,pizzicato,test
data/raw_data/test/close/pizzicato/pizzicato-010_1.wav,pizzicato,test
data/raw_data/test/close/pizzicato/pizzicato-055_1.wav,pizzicato,test
data/raw_data/test/close/pizzicato/pizzicato-068_1.wav,pizzicato,test
data/raw_data/test/close/pizzicato/pizzicato-095_1.wav,pizzicato,test
data/raw_data/test/close/pizzicato/pizzicato-051_1.wav,pizzicato,test
data/raw_data/test/close/pizzicato/pizzicato-029_1.wav,pizzicato,test
data/raw_data/test/close/pizzicato/pizzicato-048_1.wav,pizzicato,test
data/raw_data/test/close/pizzicato/pizzicato-110_1.wav,pizzicato,test
data/raw_data/test/close/pizzicato/pizzicato-030_1.wav,pizzicato,test
data/raw_data/test/close/pizzicato/pizzicato-075_1.wav,pizzicato,test
data/raw_data/test/close/pizzicato/pizzicato-032_1.wav,pizzicato,test
data/raw_data/test/close/pizzicato/pizzicato-077_1.wav,pizzicato,test
data/raw_data/test/close/pizzicato/pizzicato-016_1.wav,pizzicato,test
data/raw_data/test/close/pizzicato/pizzicato-053_1.wav,pizzicato,test
data/raw_data/test/close/pizzicato/pizzicato-070_1.wav,pizzicato,test
data/raw_data/test/close/pizzicato/pizzicato-035_1.wav,pizzicato,test
data/raw_data/test/close/pizzicato/pizzicato-008_1.wav,pizzicato,test
data/raw_data/test/close/pizzicato/pizzicato-069_1.wav,pizzicato,test
data/raw_data/test/close/pizzicato/pizzicato-094_1.wav,pizzicato,test
data/raw_data/test/close/pizzicato/pizzicato-011_1.wav,pizzicato,test
data/raw_data/test/close/pizzicato/pizzicato-056_1.wav,pizzicato,test
data/raw_data/test/close/pizzicato/pizzicato-013_1.wav,pizzicato,test
data/raw_data/test/close/pizzicato/pizzicato-096_1.wav,pizzicato,test
data/raw_data/test/close/pizzicato/pizzicato-072_1.wav,pizzicato,test
data/raw_data/test/close/pizzicato/pizzicato-076_1.wav,pizzicato,test
data/raw_data/test/close/pizzicato/pizzicato-017_1.wav,pizzicato,test
data/raw_data/test/close/pizzicato/pizzicato-092_1.wav,pizzicato,test
data/raw_data/test/close/pizzicato/pizzicato-028_1.wav,pizzicato,test
data/raw_data/test/close/pizzicato/pizzicato-050_1.wav,pizzicato,test
data/raw_data/test/close/pizzicato/pizzicato-015_1.wav,pizzicato,test
data/raw_data/test/close/pizzicato/pizzicato-089_1.wav,pizzicato,test
data/raw_data/test/close/pizzicato/pizzicato-074_1.wav,pizzicato,test
data/raw_data/test/close/pizzicato/pizzicato-031_1.wav,pizzicato,test
data/raw_data/test/close/pizzicato/pizzicato-111_1.wav,pizzicato,test
data/raw_data/test/close/pizzicato/pizzicato-049_1.wav,pizzicato,test
data/raw_data/test/close/flatterzunge/flatterzunge-023_1.wav,flatterzunge,test
data/raw_data/test/close/flatterzunge/flatterzunge-005_1.wav,flatterzunge,test
data/raw_data/test/close/flatterzunge/flatterzunge-025_1.wav,flatterzunge,test
data/raw_data/test/close/flatterzunge/flatterzunge-018_1.wav,flatterzunge,test
data/raw_data/test/close/flatterzunge/flatterzunge-027_1.wav,flatterzunge,test
data/raw_data/test/close/flatterzunge/flatterzunge-003_1.wav,flatterzunge,test
data/raw_data/test/close/flatterzunge/flatterzunge-020_1.wav,flatterzunge,test
data/raw_data/test/close/flatterzunge/flatterzunge-004_1.wav,flatterzunge,test
data/raw_data/test/close/flatterzunge/flatterzunge-026_1.wav,flatterzunge,test
data/raw_data/test/close/flatterzunge/flatterzunge-002_1.wav,flatterzunge,test
data/raw_data/test/close/flatterzunge/flatterzunge-019_1.wav,flatterzunge,test
data/raw_data/test/close/flatterzunge/flatterzunge-024_1.wav,flatterzunge,test
data/raw_data/test/close/flatterzunge/flatterzunge-028_1.wav,flatterzunge,test
data/raw_data/test/close/flatterzunge/flatterzunge-031_1.wav,flatterzunge,test
data/raw_data/test/close/flatterzunge/flatterzunge-033_1.wav,flatterzunge,test
data/raw_data/test/close/flatterzunge/flatterzunge-017_1.wav,flatterzunge,test
data/raw_data/test/close/flatterzunge/flatterzunge-037_1.wav,flatterzunge,test
data/raw_data/test/close/flatterzunge/flatterzunge-035_1.wav,flatterzunge,test
data/raw_data/test/close/flatterzunge/flatterzunge-011_1.wav,flatterzunge,test
data/raw_data/test/close/flatterzunge/flatterzunge-032_1.wav,flatterzunge,test
data/raw_data/test/close/flatterzunge/flatterzunge-016_1.wav,flatterzunge,test
data/raw_data/test/close/flatterzunge/flatterzunge-014_1.wav,flatterzunge,test
data/raw_data/test/close/flatterzunge/flatterzunge-029_1.wav,flatterzunge,test
data/raw_data/test/close/flatterzunge/flatterzunge-030_1.wav,flatterzunge,test
data/raw_data/test/close/flatterzunge/flatterzunge-009_1.wav,flatterzunge,test
data/raw_data/test/close/flatterzunge/flatterzunge-010_1.wav,flatterzunge,test
data/raw_data/test/close/flatterzunge/flatterzunge-012_1.wav,flatterzunge,test
data/raw_data/test/close/flatterzunge/flatterzunge-036_1.wav,flatterzunge,test
data/raw_data/test/close/tongue-ram/tongue-ram-008_1.wav,tongue-ram,test
data/raw_data/test/close/tongue-ram/tongue-ram-070_1.wav,tongue-ram,test
data/raw_data/test/close/tongue-ram/tongue-ram-069_1.wav,tongue-ram,test
data/raw_data/test/close/tongue-ram/tongue-ram-094_1.wav,tongue-ram,test
data/raw_data/test/close/tongue-ram/tongue-ram-096_1.wav,tongue-ram,test
data/raw_data/test/close/tongue-ram/tongue-ram-013_1.wav,tongue-ram,test
data/raw_data/test/close/tongue-ram/tongue-ram-056_1.wav,tongue-ram,test
data/raw_data/test/close/tongue-ram/tongue-ram-037_1.wav,tongue-ram,test
data/raw_data/test/close/tongue-ram/tongue-ram-017_1.wav,tongue-ram,test
data/raw_data/test/close/tongue-ram/tongue-ram-015_1.wav,tongue-ram,test
data/raw_data/test/close/tongue-ram/tongue-ram-050_1.wav,tongue-ram,test
data/raw_data/test/close/tongue-ram/tongue-ram-108_1.wav,tongue-ram,test
data/raw_data/test/close/tongue-ram/tongue-ram-090_1.wav,tongue-ram,test
data/raw_data/test/close/tongue-ram/tongue-ram-089_1.wav,tongue-ram,test
data/raw_data/test/close/tongue-ram/tongue-ram-031_1.wav,tongue-ram,test
data/raw_data/test/close/tongue-ram/tongue-ram-012_1.wav,tongue-ram,test
data/raw_data/test/close/tongue-ram/tongue-ram-073_1.wav,tongue-ram,test
data/raw_data/test/close/tongue-ram/tongue-ram-071_1.wav,tongue-ram,test
data/raw_data/test/close/tongue-ram/tongue-ram-034_1.wav,tongue-ram,test
data/raw_data/test/close/tongue-ram/tongue-ram-009_1.wav,tongue-ram,test
data/raw_data/test/close/tongue-ram/tongue-ram-095_1.wav,tongue-ram,test
data/raw_data/test/close/tongue-ram/tongue-ram-055_1.wav,tongue-ram,test
data/raw_data/test/close/tongue-ram/tongue-ram-010_1.wav,tongue-ram,test
data/raw_data/test/close/tongue-ram/tongue-ram-091_1.wav,tongue-ram,test
data/raw_data/test/close/tongue-ram/tongue-ram-029_1.wav,tongue-ram,test
data/raw_data/test/close/tongue-ram/tongue-ram-051_1.wav,tongue-ram,test
data/raw_data/test/close/tongue-ram/tongue-ram-088_1.wav,tongue-ram,test
data/raw_data/test/close/tongue-ram/tongue-ram-030_1.wav,tongue-ram,test
data/raw_data/test/close/tongue-ram/tongue-ram-032_1.wav,tongue-ram,test
data/raw_data/test/close/tongue-ram/tongue-ram-053_1.wav,tongue-ram,test
data/raw_data/test/close/tongue-ram/tongue-ram-093_1.wav,tongue-ram,test
data/raw_data/test/close/tongue-ram/tongue-ram-027_1.wav,tongue-ram,test
data/raw_data/test/close/tongue-ram/tongue-ram-062_1.wav,tongue-ram,test
data/raw_data/test/close/tongue-ram/tongue-ram-107_1.wav,tongue-ram,test
data/raw_data/test/close/tongue-ram/tongue-ram-086_1.wav,tongue-ram,test
data/raw_data/test/close/tongue-ram/tongue-ram-046_1.wav,tongue-ram,test
data/raw_data/test/close/tongue-ram/tongue-ram-001_1.wav,tongue-ram,test
data/raw_data/test/close/tongue-ram/tongue-ram-084_1.wav,tongue-ram,test
data/raw_data/test/close/tongue-ram/tongue-ram-079_1.wav,tongue-ram,test
data/raw_data/test/close/tongue-ram/tongue-ram-018_1.wav,tongue-ram,test
data/raw_data/test/close/tongue-ram/tongue-ram-060_1.wav,tongue-ram,test
data/raw_data/test/close/tongue-ram/tongue-ram-059_1.wav,tongue-ram,test
data/raw_data/test/close/tongue-ram/tongue-ram-064_1.wav,tongue-ram,test
data/raw_data/test/close/tongue-ram/tongue-ram-099_1.wav,tongue-ram,test
data/raw_data/test/close/tongue-ram/tongue-ram-040_1.wav,tongue-ram,test
data/raw_data/test/close/tongue-ram/tongue-ram-038_1.wav,tongue-ram,test
data/raw_data/test/close/tongue-ram/tongue-ram-082_1.wav,tongue-ram,test
data/raw_data/test/close/tongue-ram/tongue-ram-007_1.wav,tongue-ram,test
data/raw_data/test/close/tongue-ram/tongue-ram-042_1.wav,tongue-ram,test
data/raw_data/test/close/tongue-ram/tongue-ram-023_1.wav,tongue-ram,test
data/raw_data/test/close/tongue-ram/tongue-ram-103_1.wav,tongue-ram,test
data/raw_data/test/close/tongue-ram/tongue-ram-078_1.wav,tongue-ram,test
data/raw_data/test/close/tongue-ram/tongue-ram-045_1.wav,tongue-ram,test
data/raw_data/test/close/tongue-ram/tongue-ram-061_1.wav,tongue-ram,test
data/raw_data/test/close/tongue-ram/tongue-ram-024_1.wav,tongue-ram,test
data/raw_data/test/close/tongue-ram/tongue-ram-019_1.wav,tongue-ram,test
data/raw_data/test/close/tongue-ram/tongue-ram-104_1.wav,tongue-ram,test
data/raw_data/test/close/tongue-ram/tongue-ram-063_1.wav,tongue-ram,test
data/raw_data/test/close/tongue-ram/tongue-ram-026_1.wav,tongue-ram,test
data/raw_data/test/close/tongue-ram/tongue-ram-047_1.wav,tongue-ram,test
data/raw_data/test/close/tongue-ram/tongue-ram-002_1.wav,tongue-ram,test
data/raw_data/test/close/tongue-ram/tongue-ram-087_1.wav,tongue-ram,test
data/raw_data/test/close/tongue-ram/tongue-ram-083_1.wav,tongue-ram,test
data/raw_data/test/close/tongue-ram/tongue-ram-102_1.wav,tongue-ram,test
data/raw_data/test/close/tongue-ram/tongue-ram-022_1.wav,tongue-ram,test
data/raw_data/test/close/tongue-ram/tongue-ram-065_1.wav,tongue-ram,test
data/raw_data/test/close/tongue-ram/tongue-ram-100_1.wav,tongue-ram,test
data/raw_data/test/close/tongue-ram/tongue-ram-058_1.wav,tongue-ram,test
data/raw_data/test/close/tongue-ram/tongue-ram-039_1.wav,tongue-ram,test
data/raw_data/test/close/tongue-ram/tongue-ram-081_1.wav,tongue-ram,test
data/raw_data/test/close/tongue-ram/tongue-ram-041_1.wav,tongue-ram,test
data/raw_data/test/close/staccato/staccato-172_1.wav,staccato,test
data/raw_data/test/close/staccato/staccato-092_1.wav,staccato,test
data/raw_data/test/close/staccato/staccato-076_1.wav,staccato,test
data/raw_data/test/close/staccato/staccato-033_1.wav,staccato,test
data/raw_data/test/close/staccato/staccato-113_1.wav,staccato,test
data/raw_data/test/close/staccato/staccato-156_1.wav,staccato,test
data/raw_data/test/close/staccato/staccato-154_1.wav,staccato,test
data/raw_data/test/close/staccato/staccato-049_1.wav,staccato,test
data/raw_data/test/close/staccato/staccato-031_1.wav,staccato,test
data/raw_data/test/close/staccato/staccato-089_1.wav,staccato,test
data/raw_data/test/close/staccato/staccato-169_1.wav,staccato,test
data/raw_data/test/close/staccato/staccato-050_1.wav,staccato,test
data/raw_data/test/close/staccato/staccato-135_1.wav,staccato,test
data/raw_data/test/close/staccato/staccato-170_1.wav,staccato,test
data/raw_data/test/close/staccato/staccato-028_1.wav,staccato,test
data/raw_data/test/close/staccato/staccato-090_1.wav,staccato,test
data/raw_data/test/close/staccato/staccato-149_1.wav,staccato,test
data/raw_data/test/close/staccato/staccato-094_1.wav,staccato,test
data/raw_data/test/close/staccato/staccato-069_1.wav,staccato,test
data/raw_data/test/close/staccato/staccato-131_1.wav,staccato,test
data/raw_data/test/close/staccato/staccato-174_1.wav,staccato,test
data/raw_data/test/close/staccato/staccato-115_1.wav,staccato,test
data/raw_data/test/close/staccato/staccato-150_1.wav,staccato,test
data/raw_data/test/close/staccato/staccato-128_1.wav,staccato,test
data/raw_data/test/close/staccato/staccato-070_1.wav,staccato,test
data/raw_data/test/close/staccato/staccato-072_1.wav,staccato,test
data/raw_data/test/close/staccato/staccato-037_1.wav,staccato,test
data/raw_data/test/close/staccato/staccato-152_1.wav,staccato,test
data/raw_data/test/close/staccato/staccato-096_1.wav,staccato,test
data/raw_data/test/close/staccato/staccato-133_1.wav,staccato,test
data/raw_data/test/close/staccato/staccato-056_1.wav,staccato,test
data/raw_data/test/close/staccato/staccato-168_1.wav,staccato,test
data/raw_data/test/close/staccato/staccato-030_1.wav,staccato,test
data/raw_data/test/close/staccato/staccato-075_1.wav,staccato,test
data/raw_data/test/close/staccato/staccato-088_1.wav,staccato,test
data/raw_data/test/close/staccato/staccato-048_1.wav,staccato,test
data/raw_data/test/close/staccato/staccato-155_1.wav,staccato,test
data/raw_data/test/close/staccato/staccato-110_1.wav,staccato,test
data/raw_data/test/close/staccato/staccato-091_1.wav,staccato,test
data/raw_data/test/close/staccato/staccato-171_1.wav,staccato,test
data/raw_data/test/close/staccato/staccato-109_1.wav,staccato,test
data/raw_data/test/close/staccato/staccato-014_1.wav,staccato,test
data/raw_data/test/close/staccato/staccato-016_1.wav,staccato,test
data/raw_data/test/close/staccato/staccato-053_1.wav,staccato,test
data/raw_data/test/close/staccato/staccato-093_1.wav,staccato,test
data/raw_data/test/close/staccato/staccato-157_1.wav,staccato,test
data/raw_data/test/close/staccato/staccato-112_1.wav,staccato,test
data/raw_data/test/close/staccato/staccato-032_1.wav,staccato,test
data/raw_data/test/close/staccato/staccato-153_1.wav,staccato,test
data/raw_data/test/close/staccato/staccato-116_1.wav,staccato,test
data/raw_data/test/close/staccato/staccato-036_1.wav,staccato,test
data/raw_data/test/close/staccato/staccato-012_1.wav,staccato,test
data/raw_data/test/close/staccato/staccato-057_1.wav,staccato,test
data/raw_data/test/close/staccato/staccato-132_1.wav,staccato,test
data/raw_data/test/close/staccato/staccato-175_1.wav,staccato,test
data/raw_data/test/close/staccato/staccato-095_1.wav,staccato,test
data/raw_data/test/close/staccato/staccato-068_1.wav,staccato,test
data/raw_data/test/close/staccato/staccato-034_1.wav,staccato,test
data/raw_data/test/close/staccato/staccato-071_1.wav,staccato,test
data/raw_data/test/close/staccato/staccato-129_1.wav,staccato,test
data/raw_data/test/close/staccato/staccato-151_1.wav,staccato,test
data/raw_data/test/close/staccato/staccato-114_1.wav,staccato,test
data/raw_data/test/close/staccato/staccato-009_1.wav,staccato,test
data/raw_data/test/close/staccato/staccato-118_1.wav,staccato,test
data/raw_data/test/close/staccato/staccato-040_1.wav,staccato,test
data/raw_data/test/close/staccato/staccato-080_1.wav,staccato,test
data/raw_data/test/close/staccato/staccato-160_1.wav,staccato,test
data/raw_data/test/close/staccato/staccato-059_1.wav,staccato,test
data/raw_data/test/close/staccato/staccato-101_1.wav,staccato,test
data/raw_data/test/close/staccato/staccato-144_1.wav,staccato,test
data/raw_data/test/close/staccato/staccato-099_1.wav,staccato,test
data/raw_data/test/close/staccato/staccato-066_1.wav,staccato,test
data/raw_data/test/close/staccato/staccato-023_1.wav,staccato,test
data/raw_data/test/close/staccato/staccato-146_1.wav,staccato,test
data/raw_data/test/close/staccato/staccato-127_1.wav,staccato,test
data/raw_data/test/close/staccato/staccato-162_1.wav,staccato,test
data/raw_data/test/close/staccato/staccato-166_1.wav,staccato,test
data/raw_data/test/close/staccato/staccato-003_1.wav,staccato,test
data/raw_data/test/close/staccato/staccato-142_1.wav,staccato,test
data/raw_data/test/close/staccato/staccato-105_1.wav,staccato,test
data/raw_data/test/close/staccato/staccato-018_1.wav,staccato,test
data/raw_data/test/close/staccato/staccato-060_1.wav,staccato,test
data/raw_data/test/close/staccato/staccato-025_1.wav,staccato,test
data/raw_data/test/close/staccato/staccato-138_1.wav,staccato,test
data/raw_data/test/close/staccato/staccato-001_1.wav,staccato,test
data/raw_data/test/close/staccato/staccato-159_1.wav,staccato,test
data/raw_data/test/close/staccato/staccato-121_1.wav,staccato,test
data/raw_data/test/close/staccato/staccato-079_1.wav,staccato,test
data/raw_data/test/close/staccato/staccato-084_1.wav,staccato,test
data/raw_data/test/close/staccato/staccato-022_1.wav,staccato,test
data/raw_data/test/close/staccato/staccato-067_1.wav,staccato,test
data/raw_data/test/close/staccato/staccato-043_1.wav,staccato,test
data/raw_data/test/close/staccato/staccato-163_1.wav,staccato,test
data/raw_data/test/close/staccato/staccato-126_1.wav,staccato,test
data/raw_data/test/close/staccato/staccato-083_1.wav,staccato,test
data/raw_data/test/close/staccato/staccato-161_1.wav,staccato,test
data/raw_data/test/close/staccato/staccato-124_1.wav,staccato,test
data/raw_data/test/close/staccato/staccato-081_1.wav,staccato,test
data/raw_data/test/close/staccato/staccato-039_1.wav,staccato,test
data/raw_data/test/close/staccato/staccato-004_1.wav,staccato,test
data/raw_data/test/close/staccato/staccato-041_1.wav,staccato,test
data/raw_data/test/close/staccato/staccato-119_1.wav,staccato,test
data/raw_data/test/close/staccato/staccato-098_1.wav,staccato,test
data/raw_data/test/close/staccato/staccato-020_1.wav,staccato,test
data/raw_data/test/close/staccato/staccato-065_1.wav,staccato,test
data/raw_data/test/close/staccato/staccato-145_1.wav,staccato,test
data/raw_data/test/close/staccato/staccato-058_1.wav,staccato,test
data/raw_data/test/close/staccato/staccato-139_1.wav,staccato,test
data/raw_data/test/close/staccato/staccato-061_1.wav,staccato,test
data/raw_data/test/close/staccato/staccato-141_1.wav,staccato,test
data/raw_data/test/close/staccato/staccato-104_1.wav,staccato,test
data/raw_data/test/close/staccato/staccato-078_1.wav,staccato,test
data/raw_data/test/close/staccato/staccato-085_1.wav,staccato,test
data/raw_data/test/close/staccato/staccato-165_1.wav,staccato,test
data/raw_data/test/close/staccato/staccato-158_1.wav,staccato,test
data/raw_data/test/close/staccato/staccato-002_1.wav,staccato,test
data/raw_data/test/close/staccato/staccato-087_1.wav,staccato,test
data/raw_data/test/close/staccato/staccato-106_1.wav,staccato,test
data/raw_data/test/close/staccato/staccato-063_1.wav,staccato,test
data/raw_data/test/close/key-click/key-click-068_1.wav,key-click,test
data/raw_data/test/close/key-click/key-click-055_1.wav,key-click,test
data/raw_data/test/close/key-click/key-click-034_1.wav,key-click,test
data/raw_data/test/close/key-click/key-click-114_1.wav,key-click,test
data/raw_data/test/close/key-click/key-click-036_1.wav,key-click,test
data/raw_data/test/close/key-click/key-click-073_1.wav,key-click,test
data/raw_data/test/close/key-click/key-click-012_1.wav,key-click,test
data/raw_data/test/close/key-click/key-click-057_1.wav,key-click,test
data/raw_data/test/close/key-click/key-click-097_1.wav,key-click,test
data/raw_data/test/close/key-click/key-click-016_1.wav,key-click,test
data/raw_data/test/close/key-click/key-click-053_1.wav,key-click,test
data/raw_data/test/close/key-click/key-click-112_1.wav,key-click,test
data/raw_data/test/close/key-click/key-click-032_1.wav,key-click,test
data/raw_data/test/close/key-click/key-click-077_1.wav,key-click,test
data/raw_data/test/close/key-click/key-click-030_1.wav,key-click,test
data/raw_data/test/close/key-click/key-click-091_1.wav,key-click,test
data/raw_data/test/close/key-click/key-click-109_1.wav,key-click,test
data/raw_data/test/close/key-click/key-click-072_1.wav,key-click,test
data/raw_data/test/close/key-click/key-click-037_1.wav,key-click,test
data/raw_data/test/close/key-click/key-click-117_1.wav,key-click,test
data/raw_data/test/close/key-click/key-click-011_1.wav,key-click,test
data/raw_data/test/close/key-click/key-click-008_1.wav,key-click,test
data/raw_data/test/close/key-click/key-click-115_1.wav,key-click,test
data/raw_data/test/close/key-click/key-click-035_1.wav,key-click,test
data/raw_data/test/close/key-click/key-click-111_1.wav,key-click,test
data/raw_data/test/close/key-click/key-click-049_1.wav,key-click,test
data/raw_data/test/close/key-click/key-click-074_1.wav,key-click,test
data/raw_data/test/close/key-click/key-click-015_1.wav,key-click,test
data/raw_data/test/close/key-click/key-click-028_1.wav,key-click,test
data/raw_data/test/close/key-click/key-click-052_1.wav,key-click,test
data/raw_data/test/close/key-click/key-click-017_1.wav,key-click,test
data/raw_data/test/close/key-click/key-click-076_1.wav,key-click,test
data/raw_data/test/close/key-click/key-click-047_1.wav,key-click,test
data/raw_data/test/close/key-click/key-click-087_1.wav,key-click,test
data/raw_data/test/close/key-click/key-click-122_1.wav,key-click,test
data/raw_data/test/close/key-click/key-click-106_1.wav,key-click,test
data/raw_data/test/close/key-click/key-click-026_1.wav,key-click,test
data/raw_data/test/close/key-click/key-click-063_1.wav,key-click,test
data/raw_data/test/close/key-click/key-click-024_1.wav,key-click,test
data/raw_data/test/close/key-click/key-click-104_1.wav,key-click,test
data/raw_data/test/close/key-click/key-click-085_1.wav,key-click,test
data/raw_data/test/close/key-click/key-click-045_1.wav,key-click,test
data/raw_data/test/close/key-click/key-click-039_1.wav,key-click,test
data/raw_data/test/close/key-click/key-click-004_1.wav,key-click,test
data/raw_data/test/close/key-click/key-click-041_1.wav,key-click,test
data/raw_data/test/close/key-click/key-click-119_1.wav,key-click,test
data/raw_data/test/close/key-click/key-click-020_1.wav,key-click,test
data/raw_data/test/close/key-click/key-click-065_1.wav,key-click,test
data/raw_data/test/close/key-click/key-click-098_1.wav,key-click,test
data/raw_data/test/close/key-click/key-click-100_1.wav,key-click,test
data/raw_data/test/close/key-click/key-click-058_1.wav,key-click,test
data/raw_data/test/close/key-click/key-click-022_1.wav,key-click,test
data/raw_data/test/close/key-click/key-click-006_1.wav,key-click,test
data/raw_data/test/close/key-click/key-click-043_1.wav,key-click,test
data/raw_data/test/close/key-click/key-click-126_1.wav,key-click,test
data/raw_data/test/close/key-click/key-click-105_1.wav,key-click,test
data/raw_data/test/close/key-click/key-click-018_1.wav,key-click,test
data/raw_data/test/close/key-click/key-click-060_1.wav,key-click,test
data/raw_data/test/close/key-click/key-click-044_1.wav,key-click,test
data/raw_data/test/close/key-click/key-click-001_1.wav,key-click,test
data/raw_data/test/close/key-click/key-click-084_1.wav,key-click,test
data/raw_data/test/close/key-click/key-click-086_1.wav,key-click,test
data/raw_data/test/close/key-click/key-click-062_1.wav,key-click,test
data/raw_data/test/close/key-click/key-click-027_1.wav,key-click,test
data/raw_data/test/close/key-click/key-click-066_1.wav,key-click,test
data/raw_data/test/close/key-click/key-click-023_1.wav,key-click,test
data/raw_data/test/close/key-click/key-click-103_1.wav,key-click,test
data/raw_data/test/close/key-click/key-click-042_1.wav,key-click,test
data/raw_data/test/close/key-click/key-click-007_1.wav,key-click,test
data/raw_data/test/close/key-click/key-click-040_1.wav,key-click,test
data/raw_data/test/close/key-click/key-click-005_1.wav,key-click,test
data/raw_data/test/close/key-click/key-click-080_1.wav,key-click,test
data/raw_data/test/close/key-click/key-click-101_1.wav,key-click,test
data/raw_data/test/close/key-click/key-click-021_1.wav,key-click,test
data/raw_data/test/close/key-click/key-click-099_1.wav,key-click,test
